{
    "name": "m-1",
    "num_vehicles": 18,
    "num_customers": 27,
    "depot": [
        50,
        50
    ],
    "customers": [
        [
            79.40255918258433,
            71.01879068547046
        ],
        [
            6.617764891388356,
            90.93078076444999
        ],
        [
            72.47604532874318,
            97.4905650307215
        ],
        [
            52.88402612434261,
            99.91109757715869
        ],
        [
            48.32262852346414,
            32.83769091908068
        ],
        [
            22.791688869043625,
            36.84643654121225
        ],
        [
            1.5125990124494781,
            7.663738557788157
        ],
        [
            10.460105344527125,
            33.9503040392965
        ],
        [
            1.1780583608582473,
            86.26824031386086
        ],
        [
            86.31431014680754,
            35.40640794329363
        ],
        [
            33.8642873441306,
            14.253434511982377
        ],
        [
            7.235262009139709,
            4.131735146181715
        ],
        [
            86.34675109810827,
            33.53856539487522
        ],
        [
            43.572980876861976,
            78.70006619980164
        ],
        [
            89.04916550619203,
            83.78201616331857
        ],
        [
            28.677795153513898,
            51.695620386249075
        ],
        [
            51.76889259920641,
            83.28139307589997
        ],
        [
            35.567532607945886,
            86.20066675948675
        ],
        [
            46.26255370179398,
            47.575907907842364
        ],
        [
            14.807472041828607,
            39.38864033578721
        ],
        [
            85.44131728508823,
            46.539703246932916
        ],
        [
            86.61143922851946,
            85.03270863347294
        ],
        [
            3.6646930927100363,
            37.483957381665064
        ],
        [
            0.22598327603347013,
            91.11086942817329
        ],
        [
            20.041145678357676,
            35.66569783067946
        ],
        [
            11.03667542663752,
            63.21258345920546
        ],
        [
            45.86950762142934,
            97.4417252124392
        ]
    ],
    "customer_demands": [
        52,
        50,
        43,
        49,
        47,
        38,
        30,
        32,
        28,
        23,
        39,
        36,
        38,
        27,
        27,
        33,
        29,
        30,
        12,
        40,
        17,
        21,
        20,
        30,
        41,
        11,
        49
    ],
    "vehicle_capacity": 100
}