{
    "name": "m-1",
    "num_vehicles": 20,
    "num_customers": 27,
    "depot": [
        50,
        50
    ],
    "customers": [
        [
            47.14379734180994,
            89.06337511878932
        ],
        [
            32.978085385101664,
            53.74748252853504
        ],
        [
            19.904627147919175,
            49.414829004392026
        ],
        [
            40.34207726897705,
            75.25428617932926
        ],
        [
            11.369917679064933,
            6.113033200439444
        ],
        [
            19.063140363978793,
            49.20332579533184
        ],
        [
            79.60969913937808,
            51.334044394324366
        ],
        [
            93.0896101251168,
            29.913497444352423
        ],
        [
            13.05419704827443,
            66.99846960146519
        ],
        [
            25.812786339772874,
            99.63806458254645
        ],
        [
            12.745417926731006,
            95.05770955836512
        ],
        [
            47.40074537059664,
            58.839187765511724
        ],
        [
            2.315893359714305,
            62.213915816610864
        ],
        [
            95.56474309014419,
            9.677122355195545
        ],
        [
            62.71265241373729,
            92.90018135265193
        ],
        [
            15.4121674993284,
            74.27401531595522
        ],
        [
            27.743936291897885,
            81.51679074955341
        ],
        [
            10.299255438952425,
            71.17534731458449
        ],
        [
            80.18594326460101,
            15.779467245240998
        ],
        [
            4.982728725497932,
            83.9541149886141
        ],
        [
            90.85121860774765,
            53.3458221283857
        ],
        [
            5.94815734688412,
            56.42166396226636
        ],
        [
            28.14581033101613,
            76.24415679219237
        ],
        [
            6.741189999393393,
            86.47969011464888
        ],
        [
            65.9355608339323,
            51.47237122319467
        ],
        [
            10.88664063299698,
            64.05381712302675
        ],
        [
            24.44804399819973,
            80.56402175148799
        ]
    ]
}