{
    "name": "m-2",
    "num_vehicles": 25,
    "num_customers": 19,
    "depot": [
        50,
        50
    ],
    "customers": [
        [
            32.894614395613665,
            96.85766981886809
        ],
        [
            23.00238633572804,
            65.61192737749201
        ],
        [
            55.59906474127766,
            19.11703639760871
        ],
        [
            48.58576774721565,
            71.38228479164887
        ],
        [
            45.18248926568689,
            37.75533508082878
        ],
        [
            42.46127892729743,
            55.80260526286207
        ],
        [
            53.226865242415265,
            93.84594948105563
        ],
        [
            20.563874934699232,
            8.259815454791376
        ],
        [
            41.876050497719454,
            60.30753754578825
        ],
        [
            25.20261164692118,
            12.852387532284537
        ],
        [
            99.5841761369072,
            24.815810356904112
        ],
        [
            66.43698136829236,
            64.54391763101304
        ],
        [
            39.33712543800261,
            59.93197613832224
        ],
        [
            60.55305766375071,
            31.739064578964005
        ],
        [
            80.09540038767672,
            37.43339696414828
        ],
        [
            74.29852496566373,
            28.867398625903895
        ],
        [
            89.91135409369674,
            69.71537577039855
        ],
        [
            42.124027543634526,
            44.537546293299435
        ],
        [
            57.12215512259334,
            67.07205191890479
        ]
    ],
    "customer_demands": [
        20,
        73,
        40,
        77,
        11,
        81,
        67,
        63,
        42,
        75,
        71,
        61,
        20,
        88,
        41,
        88,
        61,
        27,
        11
    ],
    "vehicle_capacity": 100,
    "fleet_utilization": 0.4068
}