{
    "name": "l-2",
    "num_vehicles": 47,
    "num_customers": 24,
    "depot": [
        50,
        50
    ],
    "customers": [
        [
            76.72398637190891,
            47.7927592255426
        ],
        [
            26.48909616986068,
            77.04854322617778
        ],
        [
            88.39144822047032,
            39.03174935221112
        ],
        [
            93.37986876610502,
            15.393970623118925
        ],
        [
            75.4770173761086,
            83.85238933406235
        ],
        [
            56.407375389139084,
            68.74461474953509
        ],
        [
            1.6791067499434043,
            23.516735352207906
        ],
        [
            89.41333625151822,
            62.268867002036465
        ],
        [
            78.53290290863481,
            62.977161658887304
        ],
        [
            61.138818066860935,
            93.6895925107214
        ],
        [
            96.51414257335644,
            4.260211077824638
        ],
        [
            18.98457985027364,
            85.09263034766465
        ],
        [
            42.80637664170774,
            81.7925008257264
        ],
        [
            17.054872818399925,
            79.56689231187339
        ],
        [
            26.08995805700969,
            75.01735510191475
        ],
        [
            30.302506691551333,
            1.4764383662101643
        ],
        [
            83.85541808557814,
            88.86442952773491
        ],
        [
            75.37089651696958,
            16.81448979682969
        ],
        [
            52.282973012058754,
            52.496075145764095
        ],
        [
            99.78154567877489,
            42.814094949298244
        ],
        [
            93.66988274649687,
            80.51716227180664
        ],
        [
            77.34841354141398,
            22.189845306427213
        ],
        [
            31.286617335506694,
            92.04044266215385
        ],
        [
            3.193831411849246,
            12.302364876733185
        ]
    ],
    "customer_demands": [
        45,
        45,
        80,
        34,
        61,
        79,
        60,
        39,
        23,
        23,
        57,
        36,
        15,
        42,
        19,
        76,
        26,
        72,
        39,
        65,
        88,
        47,
        61,
        21
    ],
    "vehicle_capacity": 100,
    "fleet_utilization": 0.2453191489361702
}