{
    "name": "s-2",
    "num_vehicles": 6,
    "num_customers": 19,
    "depot": [
        50,
        50
    ],
    "customers": [
        [
            47.76349322452519,
            85.3251458596635
        ],
        [
            74.51144597762458,
            53.27805506335614
        ],
        [
            86.65181781727951,
            24.413954221148682
        ],
        [
            17.436214544282414,
            56.8410597395145
        ],
        [
            59.879367999177035,
            79.87779024345137
        ],
        [
            55.534181344759126,
            99.00173912420885
        ],
        [
            19.020017222791452,
            75.70403946778612
        ],
        [
            47.704626795898896,
            16.05693897087056
        ],
        [
            77.55240457822055,
            31.358451075475724
        ],
        [
            31.829053202576695,
            26.58444315471007
        ],
        [
            65.38918042452802,
            25.077960465205162
        ],
        [
            3.699189739660691,
            44.52975718590273
        ],
        [
            52.97758552817344,
            77.14552723078054
        ],
        [
            50.45785988531741,
            4.411723757585307
        ],
        [
            9.668161701942402,
            81.57738556452142
        ],
        [
            66.83035070517964,
            82.69265122324
        ],
        [
            72.6541314645433,
            48.031493860689366
        ],
        [
            8.277977740150044,
            87.52943109513954
        ],
        [
            78.20776126401233,
            9.663871068426477
        ]
    ],
    "customer_demands": [
        6,
        23,
        11,
        15,
        18,
        23,
        15,
        6,
        23,
        10,
        7,
        25,
        23,
        20,
        11,
        9,
        30,
        5,
        5
    ],
    "vehicle_capacity": 100
}