{
    "name": "m-2",
    "num_vehicles": 16,
    "num_customers": 23,
    "depot": [
        50,
        50
    ],
    "customers": [
        [
            42.91185785882856,
            14.778239952812843
        ],
        [
            84.60997403613555,
            54.1143383298641
        ],
        [
            39.31280462696457,
            6.717171976467318
        ],
        [
            45.9272453842387,
            98.9514375630078
        ],
        [
            61.645545768515255,
            42.78195455422045
        ],
        [
            59.10022994134724,
            80.12649510461682
        ],
        [
            26.752688368857246,
            14.828538886807774
        ],
        [
            41.0922613043052,
            23.144485315118256
        ],
        [
            92.08695035073418,
            39.61139009396868
        ],
        [
            54.91889570697816,
            24.083623114288066
        ],
        [
            64.42927472756827,
            84.02626515921031
        ],
        [
            46.74780081194422,
            50.7542258739784
        ],
        [
            94.5994774189655,
            20.237201253024416
        ],
        [
            73.49821383075724,
            93.23603953903296
        ],
        [
            97.28611204402952,
            80.07913882702368
        ],
        [
            56.550193734732346,
            27.48251150876421
        ],
        [
            6.685255190237704,
            60.43939973250119
        ],
        [
            70.92359993035018,
            63.454669448936706
        ],
        [
            18.64886203306616,
            3.58053590968751
        ],
        [
            50.949317108866445,
            21.68056759789647
        ],
        [
            1.1999709973441353,
            77.02411530171457
        ],
        [
            83.8027390130487,
            23.577644884899527
        ],
        [
            95.39095659813883,
            32.727354599001266
        ]
    ],
    "customer_demands": [
        51,
        38,
        33,
        47,
        14,
        38,
        50,
        36,
        23,
        59,
        32,
        55,
        25,
        45,
        65,
        38,
        28,
        42,
        59,
        57,
        32,
        64,
        59
    ],
    "vehicle_capacity": 100,
    "fleet_utilization": 0.61875
}