{
    "name": "s-1",
    "num_vehicles": 9,
    "num_customers": 14,
    "depot": [
        50,
        50
    ],
    "customers": [
        [
            82.35900571908745,
            33.67867489986269
        ],
        [
            56.25803774157724,
            98.224453863583
        ],
        [
            81.00730997873238,
            33.4757780784479
        ],
        [
            86.91870638624556,
            58.721812279641206
        ],
        [
            91.66775885821748,
            54.271544091983955
        ],
        [
            19.35226969179179,
            61.96412877000829
        ],
        [
            54.32573476226658,
            59.34770833248518
        ],
        [
            25.563155312819696,
            81.79382959613952
        ],
        [
            61.4472353868323,
            59.21099791740904
        ],
        [
            70.5819348757703,
            7.160791630830898
        ],
        [
            57.687158041139874,
            96.06469624814402
        ],
        [
            16.845689464944613,
            43.401425490230636
        ],
        [
            90.53549130556195,
            92.22197363066358
        ],
        [
            16.25260654344404,
            31.573533964235335
        ]
    ],
    "customer_demands": [
        34,
        49,
        31,
        34,
        31,
        38,
        34,
        34,
        26,
        30,
        14,
        29,
        35,
        28
    ],
    "vehicle_capacity": 100
}