{
    "name": "l-1",
    "num_vehicles": 41,
    "num_customers": 50,
    "depot": [
        50,
        50
    ],
    "customers": [
        [
            51.935459194369685,
            27.097173251382458
        ],
        [
            77.79244322136842,
            39.67838211026829
        ],
        [
            97.0326657525131,
            44.4280684583886
        ],
        [
            59.39894272618436,
            61.149255458021415
        ],
        [
            27.617007408201122,
            47.649918126280376
        ],
        [
            91.23688781574498,
            21.125133101089975
        ],
        [
            44.08494196149352,
            88.41544064014907
        ],
        [
            88.18807692875174,
            10.182099870187344
        ],
        [
            56.85163905766796,
            7.107898837718607
        ],
        [
            33.49080712459204,
            80.87165743940918
        ],
        [
            92.5018759208971,
            61.875804242999024
        ],
        [
            25.009778357446578,
            19.276452280985435
        ],
        [
            81.38543109203914,
            90.028081745479
        ],
        [
            43.01125127855422,
            2.0529909629937504
        ],
        [
            79.28578995965937,
            61.02442614590421
        ],
        [
            18.560013722755652,
            51.951122287548536
        ],
        [
            99.90201984302631,
            95.47588138827523
        ],
        [
            96.05975322665746,
            79.29856351632473
        ],
        [
            0.073158929924666,
            85.55509685918636
        ],
        [
            3.6568182702393703,
            41.377797155336026
        ],
        [
            48.312089728229715,
            15.231141010163574
        ],
        [
            43.718141772576445,
            59.20393847313713
        ],
        [
            39.09336559162205,
            70.55633383891426
        ],
        [
            65.09972659511986,
            39.38421848275444
        ],
        [
            51.495958874824574,
            92.72265008027499
        ],
        [
            8.511000480757414,
            73.50205631981501
        ],
        [
            36.99260122755407,
            35.14823420540489
        ],
        [
            92.9546287712701,
            92.73607367772236
        ],
        [
            55.67761663568144,
            85.69430008451747
        ],
        [
            26.534308317258393,
            9.112857640682414
        ],
        [
            74.4585133699709,
            81.63903794903993
        ],
        [
            95.3513225016042,
            31.229197524805386
        ],
        [
            4.411291473190082,
            83.53975753124759
        ],
        [
            31.068491042038005,
            5.15465667105085
        ],
        [
            37.27447590331673,
            33.54818566439415
        ],
        [
            49.43058187293686,
            98.86049039489832
        ],
        [
            41.193952182000416,
            76.41112240560656
        ],
        [
            14.076471713702954,
            36.382981585993356
        ],
        [
            12.340284877243402,
            23.15143013343741
        ],
        [
            0.5562092593355716,
            7.671788263753454
        ],
        [
            57.27054208698787,
            2.698139204076766
        ],
        [
            85.9105661314842,
            59.80711707636247
        ],
        [
            84.74625447189581,
            22.55961192079652
        ],
        [
            99.9058785062676,
            19.396313645465092
        ],
        [
            21.52094501477696,
            50.24540292520621
        ],
        [
            37.14471346286333,
            15.16019703425232
        ],
        [
            78.72094540837897,
            35.169360544490246
        ],
        [
            91.76673516835315,
            76.88775248355586
        ],
        [
            47.81595434468663,
            85.16355688738734
        ],
        [
            27.19849294002934,
            1.0375673288134601
        ]
    ],
    "customer_demands": [
        38,
        19,
        43,
        71,
        58,
        43,
        60,
        36,
        45,
        81,
        61,
        27,
        36,
        28,
        16,
        24,
        14,
        69,
        70,
        79,
        78,
        78,
        52,
        55,
        69,
        32,
        22,
        18,
        36,
        71,
        67,
        40,
        54,
        21,
        38,
        43,
        63,
        48,
        44,
        70,
        15,
        75,
        12,
        51,
        66,
        60,
        66,
        33,
        35,
        74
    ],
    "vehicle_capacity": 100,
    "fleet_utilization": 0.5863414634146341
}