{
    "name": "l-1",
    "num_vehicles": 47,
    "num_customers": 37,
    "depot": [
        50,
        50
    ],
    "customers": [
        [
            38.7919527703668,
            52.68331543945143
        ],
        [
            37.576635196457154,
            60.36827561725
        ],
        [
            87.60109806029782,
            67.84177843045103
        ],
        [
            52.60173369676632,
            49.09725181678948
        ],
        [
            85.21890830101697,
            58.366063575087914
        ],
        [
            86.05782850641101,
            25.765339516326325
        ],
        [
            47.981552759194415,
            60.61292311921827
        ],
        [
            73.8392163465237,
            61.943965619838195
        ],
        [
            34.30988248259135,
            13.730025483432263
        ],
        [
            31.015837763724853,
            11.544280473452172
        ],
        [
            16.93231382357404,
            18.71245189136319
        ],
        [
            50.87835214026819,
            46.500729909357595
        ],
        [
            52.956681359344614,
            54.80456021455199
        ],
        [
            65.99345303712163,
            55.406014472660914
        ],
        [
            47.987886708205664,
            61.92412107592061
        ],
        [
            41.94442222725634,
            27.403617999632246
        ],
        [
            52.02329805425692,
            85.16231604670551
        ],
        [
            0.3039859274031165,
            35.50808557978882
        ],
        [
            77.17570714155504,
            18.49097317083136
        ],
        [
            12.604141676674773,
            79.76116819759572
        ],
        [
            17.86034775697213,
            26.30469140111846
        ],
        [
            86.19525892906016,
            55.85699657313705
        ],
        [
            45.22389935288934,
            13.019866427086601
        ],
        [
            48.64275651652363,
            53.49225124971733
        ],
        [
            7.139543607239441,
            64.14424839356704
        ],
        [
            54.10968599993369,
            64.34220534844773
        ],
        [
            98.7730330096378,
            68.95516586922693
        ],
        [
            95.06410414780501,
            94.97979903347112
        ],
        [
            26.103070538046403,
            49.9187050603331
        ],
        [
            53.838513308628166,
            3.426435269701833
        ],
        [
            27.838584228643214,
            32.9413261007369
        ],
        [
            57.39754667402782,
            59.46371135622458
        ],
        [
            95.77551408087058,
            14.772601366099403
        ],
        [
            53.82495244981016,
            29.109943856651565
        ],
        [
            86.34114375343674,
            87.90585894505148
        ],
        [
            0.03196435683860965,
            25.74623198052678
        ],
        [
            12.49976214940225,
            33.45526260603391
        ]
    ],
    "customer_demands": [
        26,
        13,
        32,
        84,
        21,
        84,
        68,
        69,
        56,
        44,
        55,
        63,
        36,
        30,
        31,
        31,
        62,
        62,
        31,
        37,
        84,
        33,
        53,
        87,
        44,
        57,
        70,
        71,
        15,
        23,
        58,
        29,
        65,
        30,
        16,
        31,
        14
    ],
    "vehicle_capacity": 100,
    "fleet_utilization": 0.3648936170212766
}