{
    "name": "m-2",
    "num_vehicles": 15,
    "num_customers": 19,
    "depot": [
        50,
        50
    ],
    "customers": [
        [
            12.395370608789968,
            57.410751915228275
        ],
        [
            45.85603260247731,
            92.70280259402924
        ],
        [
            65.43124231513274,
            67.17208049568518
        ],
        [
            70.36351284018903,
            30.07941369205801
        ],
        [
            5.800828580990903,
            32.25882786465688
        ],
        [
            41.01387789036104,
            20.248536065400945
        ],
        [
            28.974427710750106,
            41.90833856987774
        ],
        [
            70.19551517672075,
            73.99146866564429
        ],
        [
            50.78505311324767,
            4.052857033856805
        ],
        [
            4.280624344889272,
            22.985623610813555
        ],
        [
            16.0711522091598,
            2.692338288757501
        ],
        [
            87.30109590138537,
            84.15166240467924
        ],
        [
            37.800934761472725,
            49.56759049530489
        ],
        [
            26.23327722938712,
            37.8582625984612
        ],
        [
            93.91046690786146,
            7.223543357950046
        ],
        [
            34.15336201372905,
            35.68736807007775
        ],
        [
            42.06985060154371,
            69.37747229217771
        ],
        [
            41.708125486171824,
            36.804855506648025
        ],
        [
            57.15380714057415,
            67.8551254795215
        ]
    ],
    "customer_demands": [
        36,
        51,
        57,
        60,
        10,
        56,
        34,
        22,
        51,
        47,
        24,
        51,
        29,
        72,
        64,
        16,
        64,
        26,
        13
    ],
    "vehicle_capacity": 100,
    "fleet_utilization": 0.522
}