{
    "name": "s-1",
    "num_vehicles": 5,
    "num_customers": 17,
    "depot": [
        50,
        50
    ],
    "customers": [
        [
            95.44138436631061,
            96.29214539032752
        ],
        [
            47.55619838077651,
            64.29980921391294
        ],
        [
            32.31657394385413,
            62.977572807785656
        ],
        [
            93.21978153348034,
            62.431864881875455
        ],
        [
            83.65996906365058,
            75.32840829430394
        ],
        [
            67.65672767865769,
            78.32890594151559
        ],
        [
            99.14237106682148,
            65.20393760322524
        ],
        [
            79.30468948282895,
            81.50584041522667
        ],
        [
            62.84904674564204,
            33.89578350802115
        ],
        [
            67.15306599080556,
            41.82079196455534
        ],
        [
            6.985399611134946,
            66.98499868182692
        ],
        [
            9.738867975251909,
            34.68802718941131
        ],
        [
            79.77371041930962,
            51.38316584657379
        ],
        [
            36.548136819804554,
            54.99855279326806
        ],
        [
            17.073552310455508,
            77.95620386847938
        ],
        [
            40.95534763871568,
            64.28198759955177
        ],
        [
            42.52324772928684,
            47.376168579297904
        ]
    ],
    "customer_demands": [
        20,
        15,
        17,
        20,
        10,
        10,
        16,
        22,
        13,
        19,
        16,
        28,
        15,
        22,
        11,
        18,
        14
    ],
    "vehicle_capacity": 100,
    "fleet_utilization": 0.572
}