{
    "name": "l-2",
    "num_vehicles": 28,
    "num_customers": 33,
    "depot": [
        50,
        50
    ],
    "customers": [
        [
            39.82907667269476,
            16.90014898580684
        ],
        [
            16.15173457934259,
            98.00544813578719
        ],
        [
            86.6645144107411,
            29.95120582322087
        ],
        [
            13.61469446164162,
            89.19008548844272
        ],
        [
            62.944112660502704,
            96.18619173039853
        ],
        [
            58.065193143820316,
            66.32576748208396
        ],
        [
            11.909300640465359,
            99.32738534635088
        ],
        [
            97.83725529193465,
            86.30253558184549
        ],
        [
            21.658323227235567,
            95.8356185631237
        ],
        [
            84.8966220490756,
            29.37169552763912
        ],
        [
            36.98078720174155,
            52.02945949100851
        ],
        [
            39.904811784836895,
            71.75856635217997
        ],
        [
            64.36246766191114,
            16.831691724178288
        ],
        [
            39.597006126500354,
            69.74153183525324
        ],
        [
            2.90925733800651,
            43.42596315228504
        ],
        [
            48.21776967220782,
            17.513013515188767
        ],
        [
            81.97322272578823,
            55.910389253993095
        ],
        [
            91.43794745290738,
            23.15074616723055
        ],
        [
            94.57483157446875,
            53.86755839286286
        ],
        [
            7.055302531600716,
            71.23604246139763
        ],
        [
            11.45805432275594,
            58.455067420839534
        ],
        [
            26.482762636083535,
            47.652223025302696
        ],
        [
            90.90383012664685,
            16.235904028027647
        ],
        [
            46.55117553802947,
            77.90369042392686
        ],
        [
            17.226836089506527,
            69.53903656496557
        ],
        [
            57.282414140617036,
            58.55581805574265
        ],
        [
            45.97922248467191,
            48.45240513244384
        ],
        [
            53.603177507942746,
            45.70478164473488
        ],
        [
            27.15978922686515,
            13.677194285299732
        ],
        [
            22.282904742692466,
            89.38972204206186
        ],
        [
            32.63393394009959,
            26.01546978108116
        ],
        [
            30.95805239916872,
            27.055419545179117
        ],
        [
            83.0901644206194,
            98.72124601871668
        ]
    ],
    "customer_demands": [
        57,
        62,
        10,
        14,
        75,
        32,
        35,
        55,
        83,
        72,
        61,
        71,
        10,
        13,
        62,
        51,
        68,
        45,
        41,
        50,
        17,
        49,
        28,
        41,
        65,
        16,
        70,
        12,
        43,
        57,
        27,
        22,
        36
    ],
    "vehicle_capacity": 100,
    "fleet_utilization": 0.5178571428571429
}