{
    "name": "m-2",
    "num_vehicles": 21,
    "num_customers": 30,
    "depot": [
        50,
        50
    ],
    "customers": [
        [
            59.486568181947554,
            43.76390674817042
        ],
        [
            95.21083737898074,
            78.24048525542896
        ],
        [
            67.85166854230206,
            17.439111050402055
        ],
        [
            32.15912544967745,
            97.53507951973621
        ],
        [
            0.884125541127645,
            11.89594745030369
        ],
        [
            27.944008416371723,
            48.928186954305296
        ],
        [
            41.70190153821165,
            58.242512085206386
        ],
        [
            55.85924261372567,
            48.18777038218863
        ],
        [
            51.18904489695826,
            52.71319857365919
        ],
        [
            93.98749543589152,
            78.83418794683257
        ],
        [
            20.393801246155828,
            36.70862507806408
        ],
        [
            50.68760843136309,
            44.94944045470124
        ],
        [
            49.80571832804985,
            47.91555907825797
        ],
        [
            6.735066127871314,
            18.583410322639004
        ],
        [
            17.034233297103153,
            60.12818803914044
        ],
        [
            24.4583100306652,
            88.67532392279848
        ],
        [
            55.43866202026522,
            58.20156636142184
        ],
        [
            47.61026437456562,
            85.13052422273695
        ],
        [
            14.434559367108912,
            50.48447548056614
        ],
        [
            11.465575093517433,
            68.61645882144917
        ],
        [
            66.31686080188669,
            20.66554739844707
        ],
        [
            12.0221212424376,
            65.53561886488663
        ],
        [
            7.635209949247135,
            19.786649357240382
        ],
        [
            69.93087349148142,
            16.292742035994255
        ],
        [
            28.289094781911995,
            63.6033329511076
        ],
        [
            28.78366927854703,
            77.88073694428643
        ],
        [
            74.80089270339589,
            59.20133845585078
        ],
        [
            86.78687042133568,
            63.405974676058655
        ],
        [
            68.09450503469444,
            21.88736121778936
        ],
        [
            22.596949912682142,
            76.7689955522151
        ]
    ],
    "customer_demands": [
        66,
        41,
        48,
        38,
        37,
        32,
        57,
        39,
        22,
        38,
        71,
        35,
        44,
        17,
        19,
        30,
        8,
        45,
        24,
        26,
        24,
        28,
        32,
        39,
        33,
        36,
        42,
        18,
        14,
        40
    ],
    "vehicle_capacity": 100
}