{
    "name": "s-2",
    "num_vehicles": 7,
    "num_customers": 14,
    "depot": [
        50,
        50
    ],
    "customers": [
        [
            45.61415687114502,
            68.25970799251408
        ],
        [
            57.898863809865645,
            51.948679958639
        ],
        [
            95.91348056241593,
            8.122484245083072
        ],
        [
            24.436124794889512,
            75.27755788274195
        ],
        [
            47.86868904881164,
            20.91552154542583
        ],
        [
            86.44646863669311,
            42.12161055404932
        ],
        [
            1.3733556079415288,
            18.082959247362773
        ],
        [
            40.64013480409366,
            75.86870661108253
        ],
        [
            62.676575712685626,
            56.07691423317236
        ],
        [
            6.152578845354428,
            94.93927540212457
        ],
        [
            24.42294960432302,
            37.89266475280609
        ],
        [
            71.94888086639337,
            57.71137555593319
        ],
        [
            21.094908334451677,
            98.69320033963642
        ],
        [
            3.6357207834650573,
            8.316896161745834
        ]
    ]
}