{
    "name": "s-2",
    "num_vehicles": 4,
    "num_customers": 15,
    "depot": [
        50,
        50
    ],
    "customers": [
        [
            7.886355532118905,
            92.74418735779902
        ],
        [
            95.98043422152416,
            93.78014239802874
        ],
        [
            21.77746543955985,
            65.81048144321812
        ],
        [
            22.212244178066733,
            88.75060670927716
        ],
        [
            12.88951990550473,
            60.43125651778269
        ],
        [
            80.98173474660427,
            96.70511506551442
        ],
        [
            23.220432841564865,
            99.21420860397545
        ],
        [
            95.06195102057943,
            74.7412620210721
        ],
        [
            56.11057619360076,
            52.80647637673952
        ],
        [
            99.82854168314005,
            84.61211077473317
        ],
        [
            81.40098949344538,
            72.85583800683935
        ],
        [
            21.33413786029813,
            62.961765592262545
        ],
        [
            49.52202830282197,
            19.5831565968162
        ],
        [
            72.96235398346664,
            2.0473175666736787
        ],
        [
            10.274053066404477,
            97.29229074730864
        ]
    ],
    "customer_demands": [
        19,
        13,
        10,
        14,
        15,
        26,
        15,
        25,
        26,
        26,
        13,
        25,
        19,
        25,
        21
    ],
    "vehicle_capacity": 100,
    "fleet_utilization": 0.73
}