{
    "name": "m-1",
    "num_vehicles": 20,
    "num_customers": 30,
    "depot": [
        50,
        50
    ],
    "customers": [
        [
            44.87504887755699,
            80.0572912323352
        ],
        [
            81.11968603681039,
            26.261866030765923
        ],
        [
            93.19442024182563,
            87.64681727314722
        ],
        [
            94.5700505961274,
            58.859424696203966
        ],
        [
            32.03260262590436,
            8.42069224734876
        ],
        [
            77.80409335510474,
            35.420195784639674
        ],
        [
            2.0066143804227554,
            36.912637649504596
        ],
        [
            91.49678549110914,
            47.78560925689247
        ],
        [
            41.9943503394482,
            25.94459797213079
        ],
        [
            93.6693609205984,
            75.06253659423517
        ],
        [
            63.67386680029994,
            53.6207229421515
        ],
        [
            31.352256667109636,
            37.42056500008195
        ],
        [
            70.43630897771945,
            41.28604418509602
        ],
        [
            37.35141332612692,
            61.27410612957246
        ],
        [
            39.9466330518099,
            27.072524848803592
        ],
        [
            51.35765645545719,
            72.42527457578257
        ],
        [
            39.779197727691276,
            71.58390539656384
        ],
        [
            96.48542017052695,
            8.960273052620716
        ],
        [
            55.749934599822915,
            8.900674367956917
        ],
        [
            6.087869048735972,
            10.670645531804867
        ],
        [
            60.22090630152144,
            35.88235192582794
        ],
        [
            88.86020646884944,
            23.318849010957344
        ],
        [
            10.59029250246084,
            75.33130655773364
        ],
        [
            65.54018716358395,
            64.26578148166882
        ],
        [
            2.563801552239453,
            36.214369032171
        ],
        [
            42.23276300271701,
            10.107360217844906
        ],
        [
            99.98069710659561,
            90.4588685827018
        ],
        [
            13.528865766032505,
            80.13935756893159
        ],
        [
            49.47811813739321,
            86.97760539765015
        ],
        [
            5.245398840210125,
            93.26081845673818
        ]
    ],
    "customer_demands": [
        42,
        17,
        47,
        12,
        27,
        29,
        18,
        43,
        35,
        47,
        16,
        24,
        17,
        17,
        51,
        35,
        40,
        42,
        62,
        56,
        28,
        62,
        39,
        31,
        44,
        10,
        61,
        55,
        19,
        25
    ],
    "vehicle_capacity": 100,
    "fleet_utilization": 0.5255
}