{
    "name": "m-1",
    "num_vehicles": 19,
    "num_customers": 23,
    "depot": [
        50,
        50
    ],
    "customers": [
        [
            82.60651425209326,
            1.9078511646927199
        ],
        [
            30.346003480978247,
            86.83709830084807
        ],
        [
            75.6035407423773,
            8.411619920102364
        ],
        [
            31.219899793992802,
            44.31280430305918
        ],
        [
            61.396352415806064,
            25.78458195951382
        ],
        [
            98.85254991189096,
            58.49197447822382
        ],
        [
            12.783549616732037,
            72.25192375406526
        ],
        [
            78.24166745700771,
            62.83296534845101
        ],
        [
            36.91546215682687,
            60.727987120280446
        ],
        [
            79.07280280211269,
            5.043135129709119
        ],
        [
            40.67600854839244,
            91.93198950263263
        ],
        [
            5.0714585499502585,
            70.80751038613845
        ],
        [
            93.50385689559201,
            94.60845195137428
        ],
        [
            60.093806943068,
            38.40860560278028
        ],
        [
            0.6324899711465437,
            7.72769851025531
        ],
        [
            10.980243801423306,
            18.462481260468277
        ],
        [
            39.608580373408074,
            58.642654686680075
        ],
        [
            22.800398690566336,
            54.50974815902121
        ],
        [
            79.31777069463689,
            68.42718812607292
        ],
        [
            96.93309464546522,
            46.1583944497066
        ],
        [
            23.441120453475683,
            13.394591203695871
        ],
        [
            15.828199131486187,
            2.894264361883303
        ],
        [
            77.74223754727687,
            17.713045308726315
        ]
    ],
    "customer_demands": [
        46,
        36,
        67,
        25,
        11,
        14,
        42,
        52,
        53,
        53,
        35,
        74,
        41,
        39,
        38,
        14,
        15,
        47,
        65,
        57,
        45,
        43,
        44
    ],
    "vehicle_capacity": 100,
    "fleet_utilization": 0.5031578947368421
}