{
    "name": "m-1",
    "num_vehicles": 11,
    "num_customers": 18,
    "depot": [
        50,
        50
    ],
    "customers": [
        [
            88.89484826774465,
            61.576494075169386
        ],
        [
            41.85698202584187,
            65.77758563717323
        ],
        [
            16.805244329140866,
            16.673826516734714
        ],
        [
            64.9365129554693,
            34.002222123396756
        ],
        [
            30.792772839391837,
            19.066978183122927
        ],
        [
            51.04200639744706,
            81.87346791226184
        ],
        [
            47.04277659399989,
            25.09378336649516
        ],
        [
            29.03675755424776,
            2.265718068091538
        ],
        [
            52.282659624444086,
            81.19779644711325
        ],
        [
            92.17511307940475,
            20.199286452653364
        ],
        [
            55.05825102600441,
            52.08166881625608
        ],
        [
            25.807638696883583,
            46.156295616839046
        ],
        [
            46.25871895514623,
            51.459519442166936
        ],
        [
            1.6520939617970631,
            46.65649936054922
        ],
        [
            26.892690819958876,
            4.634587700357152
        ],
        [
            14.587431143867091,
            57.355393466517455
        ],
        [
            77.67848395760127,
            14.652673856832443
        ],
        [
            95.55065624182416,
            88.82266010257074
        ]
    ],
    "customer_demands": [
        51,
        60,
        34,
        51,
        10,
        51,
        31,
        28,
        43,
        40,
        39,
        49,
        29,
        17,
        48,
        26,
        36,
        19
    ],
    "vehicle_capacity": 100,
    "fleet_utilization": 0.6018181818181818
}