{
    "name": "s-2",
    "num_vehicles": 3,
    "num_customers": 16,
    "depot": [
        50,
        50
    ],
    "customers": [
        [
            46.99694326656431,
            61.459782156724565
        ],
        [
            10.047685003415596,
            35.32481992408233
        ],
        [
            17.93786343888487,
            17.128308777509783
        ],
        [
            26.46954432367712,
            48.189116780363186
        ],
        [
            72.56737841206004,
            64.23204370817804
        ],
        [
            39.025025945230695,
            38.71464940003258
        ],
        [
            9.054798826283228,
            27.666532547853784
        ],
        [
            82.18807689203906,
            57.48854573595011
        ],
        [
            58.97112519582368,
            23.980965189092874
        ],
        [
            89.75629956081144,
            3.7937833870727244
        ],
        [
            51.491385057167136,
            34.31088499664442
        ],
        [
            7.69606845422155,
            95.47469295525565
        ],
        [
            17.72972243192307,
            15.007945208831341
        ],
        [
            52.84500522463437,
            75.5489875546155
        ],
        [
            58.06023860126924,
            98.01240577209131
        ],
        [
            65.6372546514523,
            39.672287354846894
        ]
    ],
    "customer_demands": [
        13,
        10,
        13,
        18,
        17,
        10,
        13,
        12,
        16,
        10,
        11,
        12,
        18,
        13,
        17,
        11
    ],
    "vehicle_capacity": 100,
    "fleet_utilization": 0.7133333333333334
}