{
    "name": "s-2",
    "num_vehicles": 4,
    "num_customers": 19,
    "depot": [
        50,
        50
    ],
    "customers": [
        [
            82.95579444158209,
            63.378509338089984
        ],
        [
            21.941454268213747,
            18.37391790266881
        ],
        [
            90.8337558774507,
            66.43401200224726
        ],
        [
            35.98690769940788,
            26.807478322123313
        ],
        [
            53.550935001472844,
            93.49549566518813
        ],
        [
            73.7643252068245,
            49.76657666679471
        ],
        [
            33.597504764751676,
            76.2864157119935
        ],
        [
            49.1570409194533,
            13.293529122373894
        ],
        [
            49.19508524004159,
            34.68189021604881
        ],
        [
            76.7164939860426,
            38.04042881930749
        ],
        [
            73.23435743135259,
            96.60735467569776
        ],
        [
            74.06024488661797,
            11.783357317262599
        ],
        [
            2.4298817659247907,
            57.449775350081026
        ],
        [
            88.61298439316066,
            64.3715681016923
        ],
        [
            90.82354401712901,
            65.93485815696741
        ],
        [
            79.93805638923949,
            40.37666915510004
        ],
        [
            53.995061915728726,
            80.66884831976184
        ],
        [
            28.248327943192653,
            21.920929035619185
        ],
        [
            29.333508940770702,
            32.22961892162288
        ]
    ],
    "customer_demands": [
        19,
        11,
        19,
        15,
        16,
        18,
        18,
        19,
        16,
        17,
        15,
        19,
        10,
        11,
        21,
        17,
        11,
        12,
        10
    ],
    "vehicle_capacity": 100,
    "fleet_utilization": 0.735
}