{
    "name": "m-2",
    "num_vehicles": 11,
    "num_customers": 25,
    "depot": [
        50,
        50
    ],
    "customers": [
        [
            8.390019643435798,
            68.2095587478182
        ],
        [
            72.76634588912934,
            7.498091567063958
        ],
        [
            96.1924418850051,
            34.609599748517084
        ],
        [
            4.094956982323328,
            42.239666693197705
        ],
        [
            61.00048453678445,
            43.32798009151676
        ],
        [
            16.555786682487515,
            93.9237022134193
        ],
        [
            22.921007205435686,
            96.6997600117884
        ],
        [
            42.99116434004277,
            79.80770842181853
        ],
        [
            46.68867567542011,
            15.88119606368732
        ],
        [
            38.325777518867476,
            25.920834128221248
        ],
        [
            35.96624098224683,
            70.22123927069093
        ],
        [
            83.98432004653476,
            25.146979418230984
        ],
        [
            72.7361421732957,
            89.97508928512077
        ],
        [
            61.91526301318785,
            3.1560472168709053
        ],
        [
            5.893896188975834,
            88.22004965264547
        ],
        [
            8.127425587001792,
            69.26520136029615
        ],
        [
            13.917666402517149,
            59.8281619479503
        ],
        [
            26.129728496784587,
            54.80098945139478
        ],
        [
            73.42878901183511,
            16.935611804600747
        ],
        [
            36.74626690213204,
            2.3320621751703796
        ],
        [
            18.58342869588412,
            66.27173936515298
        ],
        [
            83.67812589446264,
            0.06731356138429678
        ],
        [
            84.55837867564419,
            82.41624355559996
        ],
        [
            35.6461864922553,
            8.768907070564513
        ],
        [
            47.19735968039138,
            39.55395458863108
        ]
    ],
    "customer_demands": [
        37,
        36,
        12,
        29,
        42,
        16,
        27,
        24,
        32,
        40,
        10,
        10,
        42,
        29,
        25,
        12,
        15,
        22,
        40,
        32,
        14,
        13,
        12,
        31,
        10
    ],
    "vehicle_capacity": 100,
    "fleet_utilization": 0.5563636363636364
}