{
    "name": "l-1",
    "num_vehicles": 38,
    "num_customers": 22,
    "depot": [
        50,
        50
    ],
    "customers": [
        [
            13.673335266081432,
            96.20979115993666
        ],
        [
            77.42471016940517,
            34.38103482457871
        ],
        [
            56.58707455064371,
            55.1098458357422
        ],
        [
            5.384829797651525,
            81.77350895908873
        ],
        [
            52.50508271115195,
            79.58761233986593
        ],
        [
            37.37765737991412,
            38.95130471153794
        ],
        [
            18.909201200338423,
            57.800648358401375
        ],
        [
            58.402540547174254,
            47.22489143287319
        ],
        [
            22.287843297418753,
            21.245143168792147
        ],
        [
            11.320712574355484,
            74.01354380481052
        ],
        [
            45.44848962237381,
            78.98475182882959
        ],
        [
            91.65032806219882,
            92.84431613201185
        ],
        [
            14.132438133948778,
            64.12370488352927
        ],
        [
            70.76362485571805,
            11.416222297520239
        ],
        [
            25.448650801502815,
            76.00941405723512
        ],
        [
            70.24245101224163,
            46.3042324006439
        ],
        [
            33.63290940253501,
            90.79804640747231
        ],
        [
            64.8101468532684,
            88.07755330798199
        ],
        [
            98.1632169343228,
            95.7852515902431
        ],
        [
            14.897827554090204,
            85.62134266628443
        ],
        [
            38.53663515152782,
            80.9338917548489
        ],
        [
            46.90672512625061,
            27.8232570436337
        ]
    ],
    "customer_demands": [
        60,
        30,
        25,
        63,
        27,
        57,
        26,
        19,
        88,
        54,
        45,
        32,
        71,
        76,
        29,
        43,
        24,
        83,
        39,
        27,
        62,
        36
    ],
    "vehicle_capacity": 100,
    "fleet_utilization": 0.2673684210526316
}