{
    "name": "l-1",
    "num_vehicles": 39,
    "num_customers": 41,
    "depot": [
        50,
        50
    ],
    "customers": [
        [
            76.64929119357001,
            71.59412345241111
        ],
        [
            6.9679934489809465,
            91.9527807625581
        ],
        [
            23.894895165444442,
            28.757523540226604
        ],
        [
            65.83620052258901,
            72.22747505501911
        ],
        [
            80.43653373894986,
            75.74544276820322
        ],
        [
            47.84517144489865,
            7.421606187867602
        ],
        [
            4.6880430067815055,
            14.605935947478743
        ],
        [
            8.543459397474862,
            29.052587765588633
        ],
        [
            62.24205561837323,
            38.0405997476944
        ],
        [
            84.41767484146403,
            8.365345256128865
        ],
        [
            13.736512221595953,
            40.27020204107933
        ],
        [
            70.98447924384901,
            42.202747749136925
        ],
        [
            64.71580278464954,
            16.867141219419302
        ],
        [
            62.438054176455374,
            85.27538449643306
        ],
        [
            37.55479482682811,
            52.31432623314036
        ],
        [
            17.030957606552242,
            40.21083586918238
        ],
        [
            2.8289869768411524,
            68.36963417396007
        ],
        [
            5.081169469825131,
            21.92015335804448
        ],
        [
            16.068794702117806,
            52.32954258442229
        ],
        [
            89.22412773706223,
            71.30529535854606
        ],
        [
            80.07649460898763,
            98.51496055014042
        ],
        [
            66.78446010736707,
            46.574729656840965
        ],
        [
            91.09652165241798,
            93.06753057998294
        ],
        [
            19.874839936009504,
            54.24687365475125
        ],
        [
            16.12893727001564,
            91.0966644507612
        ],
        [
            66.53444560032649,
            65.09531758029972
        ],
        [
            23.73422137056328,
            30.284616361756434
        ],
        [
            11.14021912839005,
            22.49728447849969
        ],
        [
            51.95027134105204,
            93.79633949001041
        ],
        [
            86.15731810927097,
            4.454125128212927
        ],
        [
            35.71646204393557,
            88.22183690321938
        ],
        [
            65.59044050645451,
            92.33744951864867
        ],
        [
            72.0093739993682,
            63.06594776706993
        ],
        [
            97.99614802051806,
            66.31685736826553
        ],
        [
            44.198270899057555,
            93.27888132344488
        ],
        [
            42.03220045270161,
            38.585105679142416
        ],
        [
            46.82690004414991,
            17.621071740368187
        ],
        [
            18.5575766529694,
            23.373619876888483
        ],
        [
            58.47264914665576,
            30.403074937537756
        ],
        [
            41.784987445835256,
            72.78538727947445
        ],
        [
            47.84668215266527,
            28.501518025645666
        ]
    ],
    "customer_demands": [
        54,
        39,
        33,
        63,
        31,
        11,
        49,
        11,
        12,
        60,
        23,
        18,
        63,
        12,
        94,
        20,
        64,
        49,
        94,
        27,
        49,
        35,
        74,
        70,
        83,
        56,
        31,
        75,
        79,
        88,
        91,
        66,
        86,
        11,
        75,
        30,
        46,
        42,
        75,
        69,
        12
    ],
    "vehicle_capacity": 100,
    "fleet_utilization": 0.5307692307692308
}