{
    "name": "l-1",
    "num_vehicles": 41,
    "num_customers": 41,
    "depot": [
        50,
        50
    ],
    "customers": [
        [
            65.67294487314595,
            72.9719830243196
        ],
        [
            88.35253742882898,
            82.1185111176443
        ],
        [
            86.03180550956762,
            93.22378368724948
        ],
        [
            78.54571152966963,
            14.113958216537903
        ],
        [
            91.48723030310423,
            4.280330212613814
        ],
        [
            47.51466752872329,
            43.00622308115505
        ],
        [
            46.23742104813561,
            27.510251950584507
        ],
        [
            78.28762829470925,
            5.420007593883113
        ],
        [
            95.43199740605361,
            35.339034272997814
        ],
        [
            38.48807528143682,
            87.77040858853054
        ],
        [
            45.434921796556004,
            73.9783011800191
        ],
        [
            48.89151026772816,
            90.90104512985168
        ],
        [
            78.30959556263349,
            80.8844837625267
        ],
        [
            86.04871133441911,
            13.952543598857547
        ],
        [
            83.55965510054784,
            14.576385098904831
        ],
        [
            12.519362858525628,
            57.22411401542009
        ],
        [
            15.102781019584445,
            6.973995789889875
        ],
        [
            30.160895990285276,
            85.60780161792496
        ],
        [
            54.22332360219555,
            27.830552635938453
        ],
        [
            86.40212680862109,
            25.67567747681484
        ],
        [
            6.5509525486032505,
            45.52049856387834
        ],
        [
            8.425677018273625,
            56.846916128150326
        ],
        [
            17.635130654546415,
            0.1164838511704458
        ],
        [
            38.414590859480846,
            56.66159750435871
        ],
        [
            17.6347233535876,
            31.00785397601372
        ],
        [
            57.4047417786114,
            19.777788968048583
        ],
        [
            50.174163832232644,
            77.76105572263197
        ],
        [
            66.03149290412497,
            46.05386379283488
        ],
        [
            26.351602091994366,
            36.088543118801155
        ],
        [
            12.441985784879838,
            24.732169491523337
        ],
        [
            76.94713371721382,
            4.230563249463337
        ],
        [
            1.6463744521573287,
            25.91712105868159
        ],
        [
            32.19532380119898,
            87.80324745296171
        ],
        [
            60.93841491689885,
            96.85165419822727
        ],
        [
            77.90021297645909,
            63.303925042827615
        ],
        [
            81.79429761120615,
            74.0362868049856
        ],
        [
            21.415815838256457,
            26.200033350491648
        ],
        [
            36.921518605694104,
            6.9148773195672035
        ],
        [
            59.79464353261278,
            22.436243689374503
        ],
        [
            95.78232884508007,
            45.867679373201916
        ],
        [
            78.05896766886158,
            49.6323951625232
        ]
    ],
    "customer_demands": [
        61,
        41,
        49,
        65,
        75,
        66,
        59,
        47,
        63,
        47,
        51,
        71,
        52,
        46,
        51,
        61,
        69,
        64,
        34,
        77,
        43,
        37,
        47,
        77,
        27,
        55,
        70,
        40,
        53,
        43,
        63,
        44,
        42,
        23,
        56,
        24,
        27,
        26,
        37,
        30,
        34
    ],
    "vehicle_capacity": 100
}