{
    "name": "s-1",
    "num_vehicles": 6,
    "num_customers": 12,
    "depot": [
        50,
        50
    ],
    "customers": [
        [
            84.19905616234644,
            19.311755512996164
        ],
        [
            13.057989063415187,
            88.16380702546225
        ],
        [
            1.5711568329709324,
            35.8437868373517
        ],
        [
            88.2951351582119,
            77.90059762924868
        ],
        [
            53.997710948075714,
            54.65430427430873
        ],
        [
            48.395123910686955,
            69.97983609677722
        ],
        [
            81.95136961434531,
            26.63918631139729
        ],
        [
            37.77404652040238,
            10.727850421291652
        ],
        [
            57.247882100207015,
            99.64310226570852
        ],
        [
            97.31742573195993,
            27.807149857370483
        ],
        [
            0.3956902404906093,
            34.81325273660736
        ],
        [
            32.32639524053435,
            24.74834252063851
        ]
    ],
    "customer_demands": [
        36,
        50,
        32,
        17,
        18,
        24,
        39,
        42,
        30,
        25,
        25,
        50
    ],
    "vehicle_capacity": 100,
    "fleet_utilization": 0.6466666666666666
}