{
    "name": "l-2",
    "num_vehicles": 29,
    "num_customers": 20,
    "depot": [
        50,
        50
    ],
    "customers": [
        [
            42.37773557384445,
            66.44428624211871
        ],
        [
            13.507569791441988,
            6.698494480002692
        ],
        [
            12.336755428657142,
            43.930115318334664
        ],
        [
            98.56010306009402,
            90.91221642506554
        ],
        [
            28.463244506340935,
            62.09247185533883
        ],
        [
            9.80660878397208,
            68.26741376516648
        ],
        [
            95.75037845845509,
            2.215863359722814
        ],
        [
            44.00118386932122,
            81.31031933916508
        ],
        [
            47.65921064119604,
            58.312165294258754
        ],
        [
            80.64956800405476,
            60.647284829136716
        ],
        [
            40.02991577234432,
            84.73832220992553
        ],
        [
            80.11064684835787,
            51.20666512930884
        ],
        [
            93.01953219998279,
            52.363911272984176
        ],
        [
            48.05103831095538,
            13.079653922622903
        ],
        [
            31.873220325765928,
            7.761767779679718
        ],
        [
            19.10351115200686,
            90.19991997246507
        ],
        [
            14.884317750851661,
            47.36106761056104
        ],
        [
            14.535679567622706,
            41.85879068474474
        ],
        [
            17.248609457769394,
            32.13368490136512
        ],
        [
            5.547737667804653,
            7.7372595129097
        ]
    ],
    "customer_demands": [
        66,
        66,
        44,
        73,
        51,
        28,
        22,
        73,
        34,
        38,
        74,
        20,
        36,
        41,
        20,
        52,
        59,
        82,
        86,
        54
    ],
    "vehicle_capacity": 100,
    "fleet_utilization": 0.3513793103448276
}