{
    "name": "s-2",
    "num_vehicles": 2,
    "num_customers": 16,
    "depot": [
        50,
        50
    ],
    "customers": [
        [
            92.74563781396792,
            88.19843739832432
        ],
        [
            63.48527754328378,
            74.04019868772141
        ],
        [
            13.469432429337258,
            88.90059007596595
        ],
        [
            67.91030902302774,
            21.130510215816344
        ],
        [
            88.76067205793056,
            21.18767966387126
        ],
        [
            88.58658691273416,
            27.07659162254965
        ],
        [
            9.864618946791326,
            17.2453519685433
        ],
        [
            42.46780451223129,
            13.535117246958706
        ],
        [
            21.06436148535662,
            20.92947307893417
        ],
        [
            90.00669340830736,
            25.78227220643836
        ],
        [
            39.70604538617404,
            66.54407354437444
        ],
        [
            42.84009410935785,
            18.65062188670764
        ],
        [
            1.9509428611810598,
            38.97974417218335
        ],
        [
            18.426150008117737,
            89.87639332553175
        ],
        [
            19.388394956954123,
            13.781759429352636
        ],
        [
            64.3860255937305,
            17.23853744503917
        ]
    ],
    "customer_demands": [
        12,
        11,
        10,
        10,
        11,
        11,
        11,
        10,
        10,
        10,
        12,
        11,
        10,
        10,
        11,
        11
    ],
    "vehicle_capacity": 100,
    "fleet_utilization": 0.855
}