{
    "name": "m-1",
    "num_vehicles": 25,
    "num_customers": 17,
    "depot": [
        50,
        50
    ],
    "customers": [
        [
            75.69183823395558,
            42.56095198988143
        ],
        [
            66.80788985843232,
            65.86572914465103
        ],
        [
            60.45305752229435,
            0.13694500734612314
        ],
        [
            72.1215234287945,
            52.599973992884465
        ],
        [
            4.172562500731392,
            87.21694858560181
        ],
        [
            40.53777781371858,
            22.615451309132517
        ],
        [
            35.15452478720108,
            33.6081399841764
        ],
        [
            21.470058233037705,
            89.36404883770018
        ],
        [
            52.442189211690135,
            61.04884110727588
        ],
        [
            35.25356406216807,
            83.10330348351485
        ],
        [
            28.202956799206035,
            36.41040601369661
        ],
        [
            20.994890982461534,
            41.06342066326917
        ],
        [
            91.25697142768517,
            86.39793783229138
        ],
        [
            29.12872344375491,
            24.86320152671395
        ],
        [
            27.455942669186374,
            68.25901028223026
        ],
        [
            59.442635757994154,
            77.2823410262249
        ],
        [
            27.190304451707604,
            40.72262966665732
        ]
    ],
    "customer_demands": [
        73,
        21,
        49,
        53,
        47,
        57,
        40,
        24,
        59,
        79,
        87,
        57,
        51,
        89,
        22,
        49,
        24
    ],
    "vehicle_capacity": 100,
    "fleet_utilization": 0.3524
}