{
    "name": "l-2",
    "num_vehicles": 31,
    "num_customers": 44,
    "depot": [
        50,
        50
    ],
    "customers": [
        [
            2.0891493973960285,
            80.60211318373817
        ],
        [
            18.91510838037401,
            83.01385037751419
        ],
        [
            68.45900268379982,
            67.15109965852228
        ],
        [
            56.07647273224203,
            36.17255367796815
        ],
        [
            0.11134778258374833,
            81.8187389183107
        ],
        [
            30.58380249213133,
            34.385157119223464
        ],
        [
            83.26736245985839,
            80.16373460692907
        ],
        [
            78.17034906110004,
            18.250853511951515
        ],
        [
            91.30040382035213,
            34.41258159073871
        ],
        [
            32.24839937543456,
            8.351137963198807
        ],
        [
            76.79839576338104,
            38.5849056909581
        ],
        [
            34.6274136326997,
            64.28420346702345
        ],
        [
            5.531163244465132,
            5.742261635043377
        ],
        [
            36.819097410712146,
            0.58129668376532
        ],
        [
            33.962149886508556,
            63.392870182602266
        ],
        [
            37.083726921415085,
            45.507757014444074
        ],
        [
            91.35213568024045,
            39.98319045718025
        ],
        [
            93.60402674933272,
            13.513653702538175
        ],
        [
            5.173777984175876,
            12.99063057961548
        ],
        [
            82.48972123209523,
            60.86888041565802
        ],
        [
            20.443735256649976,
            85.73456876159626
        ],
        [
            19.6477067455923,
            57.45621224482752
        ],
        [
            61.282039136007626,
            33.46284854501269
        ],
        [
            7.820724079729214,
            27.568488775568344
        ],
        [
            96.99929264058844,
            58.79155098856026
        ],
        [
            75.83073911675655,
            29.265684556032102
        ],
        [
            16.347779432601918,
            68.75783052040039
        ],
        [
            27.013793615648595,
            97.04251224109817
        ],
        [
            84.92154159950361,
            77.02461357765083
        ],
        [
            37.95433283781525,
            48.55295595444319
        ],
        [
            46.014759298648514,
            40.34386924821541
        ],
        [
            42.60329857576046,
            98.56346456780365
        ],
        [
            30.04943411983699,
            72.3233614463785
        ],
        [
            91.28987231030078,
            46.87389530434752
        ],
        [
            57.825314724517995,
            39.55332894516981
        ],
        [
            77.01507820764665,
            37.33180578661669
        ],
        [
            93.04491692078497,
            43.937674401578874
        ],
        [
            96.13464093204081,
            94.20661116207279
        ],
        [
            95.79779530945972,
            66.13934143412189
        ],
        [
            26.998384732597238,
            91.30251814725719
        ],
        [
            15.326385130655106,
            92.6594371046508
        ],
        [
            86.51626001048173,
            72.80503192347051
        ],
        [
            20.475537467191607,
            3.390756235830561
        ],
        [
            2.7631132664682867,
            39.72037112615043
        ]
    ],
    "customer_demands": [
        39,
        46,
        61,
        22,
        68,
        45,
        27,
        11,
        41,
        66,
        35,
        61,
        28,
        37,
        16,
        56,
        70,
        22,
        43,
        63,
        12,
        41,
        62,
        40,
        50,
        19,
        44,
        32,
        42,
        53,
        48,
        25,
        47,
        19,
        65,
        46,
        28,
        13,
        19,
        19,
        49,
        48,
        69,
        29
    ],
    "vehicle_capacity": 100,
    "fleet_utilization": 0.5729032258064516
}