{
    "name": "s-1",
    "num_vehicles": 9,
    "num_customers": 15,
    "depot": [
        50,
        50
    ],
    "customers": [
        [
            35.474871422755086,
            31.56248529129737
        ],
        [
            33.27289570660004,
            31.780634838639543
        ],
        [
            34.061161170890045,
            47.39355872044092
        ],
        [
            27.880989027865656,
            16.27764465515754
        ],
        [
            45.526126155285354,
            98.13397885260375
        ],
        [
            49.56206082886768,
            38.90687967335506
        ],
        [
            75.46600078486911,
            29.44570502733177
        ],
        [
            2.1062319426189746,
            28.269248297400708
        ],
        [
            20.12874167256229,
            1.7320789283464921
        ],
        [
            47.177737779164794,
            66.82566764986927
        ],
        [
            0.6538346988159693,
            20.149841135192027
        ],
        [
            65.24149962513816,
            97.47592288406636
        ],
        [
            64.00285123412199,
            33.97267422435686
        ],
        [
            43.11825137583345,
            6.552241516714286
        ],
        [
            47.447594234855664,
            93.60251529070474
        ]
    ],
    "customer_demands": [
        44,
        50,
        40,
        31,
        15,
        42,
        20,
        35,
        19,
        39,
        12,
        56,
        11,
        17,
        26
    ],
    "vehicle_capacity": 100,
    "fleet_utilization": 0.5077777777777778
}