{
    "name": "m-2",
    "num_vehicles": 15,
    "num_customers": 15,
    "depot": [
        50,
        50
    ],
    "customers": [
        [
            8.977928597539764,
            61.68863481831593
        ],
        [
            46.2720924849881,
            19.739152352657808
        ],
        [
            19.807324856703666,
            76.63621375900716
        ],
        [
            84.75986152915209,
            23.636576315624403
        ],
        [
            60.06091743955578,
            78.0476190607835
        ],
        [
            77.6047495883247,
            88.28493105634864
        ],
        [
            10.848353404526723,
            61.10825999606014
        ],
        [
            0.4281970683254199,
            43.76321945128735
        ],
        [
            58.49886591566854,
            56.75271699313655
        ],
        [
            1.5505828777882202,
            69.26291995067253
        ],
        [
            13.432450845726517,
            13.178475793175926
        ],
        [
            40.14428368141309,
            9.41872721117889
        ],
        [
            32.033998750134764,
            64.7280415728959
        ],
        [
            51.53867500601761,
            86.68736704004026
        ],
        [
            40.92088925854034,
            52.489951958547735
        ]
    ]
}