{
    "name": "l-1",
    "num_vehicles": 48,
    "num_customers": 46,
    "depot": [
        50,
        50
    ],
    "customers": [
        [
            59.39128892391135,
            34.053492188268685
        ],
        [
            8.436463830496589,
            62.58551191031252
        ],
        [
            56.87637720429889,
            93.92315450206623
        ],
        [
            37.27018951633858,
            87.52580913252676
        ],
        [
            41.400097537070025,
            0.049308968842132206
        ],
        [
            88.47610777201055,
            93.02498160451465
        ],
        [
            86.15671024705057,
            52.017695978476596
        ],
        [
            21.78156624164007,
            14.864093617856645
        ],
        [
            87.70193686034246,
            48.08328353976875
        ],
        [
            39.567977447993826,
            88.5092317947133
        ],
        [
            27.69364856324933,
            91.78053256992887
        ],
        [
            65.18050073321868,
            90.24486811715148
        ],
        [
            47.66053781992361,
            26.571921615929572
        ],
        [
            49.19583397600022,
            75.82875386753881
        ],
        [
            47.982880343475564,
            80.2429084277965
        ],
        [
            79.97799211248287,
            46.281277370378916
        ],
        [
            17.209529933986044,
            40.41315264188341
        ],
        [
            91.92820162593004,
            20.59849684074726
        ],
        [
            1.5623671641332826,
            82.12053347141796
        ],
        [
            90.60087281842459,
            82.41967205269219
        ],
        [
            89.85149069441907,
            82.70255499221506
        ],
        [
            17.305215346789538,
            31.352858769643678
        ],
        [
            84.65620344984725,
            17.7585603848588
        ],
        [
            39.76667351616364,
            41.18618123099957
        ],
        [
            10.419718054277993,
            51.79730096461614
        ],
        [
            13.569863545665417,
            95.48999668277737
        ],
        [
            35.19598065875227,
            97.70208365288138
        ],
        [
            51.24920343828536,
            96.20498593824888
        ],
        [
            96.82663918440836,
            49.655796351724234
        ],
        [
            88.41355366805563,
            15.853226778649576
        ],
        [
            1.941899085272647,
            32.16134321355941
        ],
        [
            95.25555357705115,
            64.82902170271382
        ],
        [
            20.907381130022664,
            82.24688481504366
        ],
        [
            71.50521711362576,
            84.99940679463084
        ],
        [
            15.642389207520013,
            26.213700109258063
        ],
        [
            64.05074961223328,
            86.05745532813316
        ],
        [
            4.195783039275969,
            33.942312630070546
        ],
        [
            75.46175912040874,
            88.02875317686292
        ],
        [
            13.861213033090236,
            51.633376788404874
        ],
        [
            70.65049308110973,
            65.9024148798807
        ],
        [
            35.606355830100135,
            84.9727173111475
        ],
        [
            74.87124614741806,
            67.16894047141136
        ],
        [
            71.20971290288702,
            33.32937432837974
        ],
        [
            98.6014838416109,
            22.505810299397478
        ],
        [
            3.1434256887653667,
            97.31118024577343
        ],
        [
            71.9186744482243,
            12.27121783543944
        ]
    ]
}