{
    "name": "l-2",
    "num_vehicles": 35,
    "num_customers": 42,
    "depot": [
        50,
        50
    ],
    "customers": [
        [
            86.87747825081505,
            83.46525896658221
        ],
        [
            58.274923451138896,
            40.75077138713469
        ],
        [
            9.500979266961561,
            94.2115747155931
        ],
        [
            61.86057100536891,
            78.20914099788429
        ],
        [
            58.079542554733635,
            95.51227971187161
        ],
        [
            72.81031447977638,
            41.32005862400987
        ],
        [
            84.30999070217295,
            59.90076920591187
        ],
        [
            17.998549608165682,
            53.15798383859012
        ],
        [
            97.39342811102357,
            96.9078720699227
        ],
        [
            37.596537220702345,
            94.72216254865285
        ],
        [
            27.560345830693155,
            34.52289994511237
        ],
        [
            63.26505442975947,
            8.552075165276396
        ],
        [
            67.48161243021814,
            36.06240145764542
        ],
        [
            65.10092691105594,
            55.58249770320255
        ],
        [
            60.56157755608195,
            48.664608811771714
        ],
        [
            25.895681949136474,
            79.43879337457106
        ],
        [
            20.94212918713618,
            3.8568540694943976
        ],
        [
            95.15164586537259,
            32.597889031310245
        ],
        [
            85.886854210062,
            31.33980826795597
        ],
        [
            94.7341823779832,
            17.554169748201474
        ],
        [
            34.94853493817781,
            85.84418177664406
        ],
        [
            36.38208005992186,
            29.234824893845502
        ],
        [
            95.44691586317568,
            7.0047284551715165
        ],
        [
            1.3366917355581487,
            99.80653821978957
        ],
        [
            43.60725775449361,
            43.09050670961621
        ],
        [
            11.603703491221696,
            72.8458164193381
        ],
        [
            94.98510194118681,
            91.87662734336202
        ],
        [
            34.35659011195036,
            70.27043425405552
        ],
        [
            44.870080596905915,
            72.49571755559369
        ],
        [
            14.465241455583088,
            79.35765108499692
        ],
        [
            96.7432003395583,
            56.58549379338431
        ],
        [
            79.5248168603988,
            41.91050314674535
        ],
        [
            53.01794999667182,
            23.812469125916092
        ],
        [
            10.06262781041951,
            60.78001073235644
        ],
        [
            72.03834805487121,
            46.3494753011769
        ],
        [
            47.84393096820006,
            69.98339650397845
        ],
        [
            81.06690302227048,
            86.5887714137274
        ],
        [
            77.71630386093057,
            62.10432622709067
        ],
        [
            65.0835968378661,
            29.07915273113739
        ],
        [
            61.80838441597069,
            8.865508783130027
        ],
        [
            82.66473651140052,
            80.91684417591527
        ],
        [
            88.41563378527334,
            12.325094405008329
        ]
    ]
}