{
    "name": "s-1",
    "num_vehicles": 4,
    "num_customers": 19,
    "depot": [
        50,
        50
    ],
    "customers": [
        [
            76.85884851859655,
            79.09696724440465
        ],
        [
            44.133424555810265,
            25.986270077572872
        ],
        [
            86.36234897634,
            59.57098358053147
        ],
        [
            62.42153208581415,
            8.116846572661185
        ],
        [
            44.48124701544038,
            45.19162307085007
        ],
        [
            64.82919799906888,
            25.599653886834727
        ],
        [
            39.34187953715029,
            49.94520217779029
        ],
        [
            15.290214656272061,
            84.82332411734174
        ],
        [
            77.03503570200868,
            6.948543341019864
        ],
        [
            75.98667796017341,
            12.857544261691611
        ],
        [
            63.289523066044225,
            49.06735004343679
        ],
        [
            88.54150937512375,
            82.16720199124873
        ],
        [
            41.70229970585423,
            0.8650390521885876
        ],
        [
            1.6919276604219546,
            53.803292764701816
        ],
        [
            66.33960318871797,
            62.25136790758693
        ],
        [
            89.74314063276923,
            74.07290770869064
        ],
        [
            72.31420622215045,
            92.27286873264325
        ],
        [
            78.50482943691036,
            17.595067622017304
        ],
        [
            7.813271184916825,
            25.248913908401647
        ]
    ],
    "customer_demands": [
        14,
        18,
        14,
        19,
        12,
        20,
        11,
        15,
        11,
        12,
        10,
        17,
        20,
        19,
        12,
        14,
        15,
        14,
        10
    ],
    "vehicle_capacity": 100,
    "fleet_utilization": 0.6925
}