{
    "name": "l-2",
    "num_vehicles": 29,
    "num_customers": 28,
    "depot": [
        50,
        50
    ],
    "customers": [
        [
            93.267417582011,
            71.19479372496684
        ],
        [
            91.21742353838768,
            79.05106788528637
        ],
        [
            13.086451750096739,
            92.60515676736665
        ],
        [
            45.20301429239161,
            66.92635074516208
        ],
        [
            70.97413233414993,
            41.24709817115758
        ],
        [
            99.33385692982894,
            27.410889318272456
        ],
        [
            63.52368004276413,
            92.0767723961875
        ],
        [
            17.393676965408066,
            45.6294228406239
        ],
        [
            7.045721556122864,
            24.88023783705675
        ],
        [
            88.21582254319227,
            25.804124981421584
        ],
        [
            66.97818784884028,
            62.41109056992763
        ],
        [
            77.00724048461163,
            90.512966420271
        ],
        [
            73.3618874387502,
            68.15253960577687
        ],
        [
            28.496626076719057,
            71.52681147657648
        ],
        [
            75.57626206691778,
            78.72456396561948
        ],
        [
            37.58935187695166,
            8.643603894439899
        ],
        [
            74.11413761622322,
            38.88738253433658
        ],
        [
            68.33783336209976,
            81.4143176191877
        ],
        [
            60.79969733744564,
            54.764322717082706
        ],
        [
            86.34858075534248,
            77.18302276923164
        ],
        [
            61.6238845424222,
            25.85462413469787
        ],
        [
            84.0654500651645,
            53.90760192736176
        ],
        [
            37.65582806800257,
            25.23262186999403
        ],
        [
            29.027704420611155,
            61.68338485743842
        ],
        [
            20.139803102839103,
            48.708909386082276
        ],
        [
            53.798588645102704,
            65.6886024193948
        ],
        [
            89.55765428532725,
            67.11025526745611
        ],
        [
            64.8730179119336,
            82.33734092507883
        ]
    ],
    "customer_demands": [
        50,
        41,
        53,
        46,
        54,
        44,
        58,
        73,
        60,
        46,
        54,
        72,
        40,
        59,
        52,
        36,
        64,
        40,
        60,
        57,
        57,
        55,
        56,
        36,
        58,
        26,
        37,
        56
    ],
    "vehicle_capacity": 100
}