{
    "name": "s-1",
    "num_vehicles": 6,
    "num_customers": 18,
    "depot": [
        50,
        50
    ],
    "customers": [
        [
            81.07437733688718,
            81.62130478341221
        ],
        [
            58.04978404170067,
            9.304638623710836
        ],
        [
            60.090515190702455,
            21.748068500667706
        ],
        [
            54.895505886991614,
            8.279033161462724
        ],
        [
            89.62822588267633,
            35.33851595709423
        ],
        [
            22.476657455864,
            34.772410869300685
        ],
        [
            36.408126763518126,
            65.9209033723965
        ],
        [
            47.09111006593716,
            4.7168562279390365
        ],
        [
            33.00370128114135,
            98.44499097623343
        ],
        [
            18.910228077702385,
            58.98438198577851
        ],
        [
            23.669616262658234,
            30.70185650202536
        ],
        [
            55.64626935029311,
            92.88830762283807
        ],
        [
            1.5038379313904282,
            58.58075265956991
        ],
        [
            65.50236033935471,
            49.856822661135084
        ],
        [
            68.777581514865,
            96.61319958159501
        ],
        [
            80.8944444537802,
            81.50281526014473
        ],
        [
            10.665573219552126,
            3.8910474298603948
        ],
        [
            55.433049118326004,
            47.61708464348937
        ]
    ]
}